,start,compute 1,filter,trunk,compute other,shuffle,global
0,0.007124978673066205,0.004424161981030641,0.29287745507784935,0.039199011403000514,0.0034006688654419403,0.5141983322157067,0.8540418141729578
